Name,Title,Borrow Date,Return Date
paper,defeat a Drag,2006-12-16,2007-12-07
Master Ukui,Drag warrior is real,1982-12-02,1999-01-01
mike,just eat the frog,2020-10-10,2020-11-10
wiboon,GenPhy A wanna be,2025-09-10,2025-10-20
TonTon,Calculus.101,2024-12-17,2024-12-31
karakamara,a little ant journey,2000-06-30,2001-02-03
Icook,yes! I'm cooked,2000-01-01,2025-09-21
Yee,I hate nanotech,2005-11-08,2006-11-08
brbr paptapim,brbr paptapim,2025-01-01,2026-12-30
Tung,rot isn't a rot,2025-04-20,2025-06-18
lilililalila,best cactus btw,2001-03-09,2003-05-25
jordan,can I dunk?,2003-03-03,2003-03-13
nicholus,drive your own way,1925-02-13,1930-12-19
steve,World trend,2025-08-01,2025-10-01
Panna Cotta,great desert,2020-02-02,2020-12-12
